weekly_picks,ai_picks,growth_tech,value_stocks
NVDA,ADBE,COHR,NUE
AAPL,ADV,FORM,QCOM
GOOGL,ALGN,GOOGL,NTAP
AVGO,AMKR,HON,EXPE
BABA,AMRC,INTC,TDC
VLO,BALY,IONQ,YOU
AMZN,BKNG,MRVL,LOPE
XPO,CABO,QBTS,BLD
FTI,CCRN,QMCO,PACS
IBM,CCSI,QTUM,
WDC,CHKP,QUBT,
ATAT,COR,RGTI,
AMD,DAVA,AIP,
PWR,DLX,AMAT,
GEV,EMBC,AMKR,
FIX,ENTG,AXTI,
MU,EXPE,MTSI,
TSLA,FMC,TSEM,
MPLX,HESM,VIAV,
GLDM,HP,ADI,
,INNV,ASX,
,INTU,AVGO,
,KLAC,FTCI,
,MEDP,IMOS,
,MYGN,LASR,
,NBIX,MU,
,NTAP,SITM,
,ONTO,SMTC,
,OTEX,CRDO,
,PAA,CSIQ,
,QCOM,DQ,
,QLYS,FSLR,
,SYK,KLIC,
,TER,LPTH,
,VLO,LSCC,
,VOT,VLN,
,VREX,MOBX,
,XYZ,OSIS,
,,POWI,
,,RMBS,
,,SKYT,
,,TSM,
,,AMD,
,,ATOM,
,,IPWR,
,,MXL,
,,SQNS,
,,UMC,
,,CRUS,
,,GSIT,
